type	entity
LOCATION	Cambridge
PERSON	Lucrecia Martel
PERSON	Margaret Thatcher
LOCATION	Downing Street
PERSON	St Francis
PERSON	Assi
PERSON	Lynn Gladden
LOCATION	UK
ORGANIZATION	Boeing
PERSON	Stephen Hawking
PERSON	Stephen Hawking
PERSON	Humphreys Thomas
PERSON	Guiney
PERSON	Paragra Stephen Hawking
LOCATION	Cambridge
PERSON	Mrs Woodrow
ORGANIZATION	LZXFpzNEtb RT
LOCATION	UK
LOCATION	USA
LOCATION	Iraq
ORGANIZATION	Whitehall
ORGANIZATION	ACTIONSkettlesyard Don Cambridge
ORGANIZATION	FacultyMaths
LOCATION	UK
PERSON	Stephen
PERSON	Peter Benie
PERSON	Hargreaves
PERSON	Gaia
ORGANIZATION	Fermilab
PERSON	Mark Thomson
PERSON	James Devine Stoneman John Clark Levine Rosie McKeown
PERSON	Matt Hazell
ORGANIZATION	St John RT
ORGANIZATION	University Challenge
ORGANIZATION	BBC
PERSON	Giles Gilbert Scott
ORGANIZATION	Department of Engineering
ORGANIZATION	InternetofThings IoT RT
ORGANIZATION	Cambridge
PERSON	Eske Willerslev
LOCATION	EU
ORGANIZATION	Cambridge
ORGANIZATION	CysticFibrosis Innovation Hub
PERSON	Josh Platzky Miller
LOCATION	Brazil
LOCATION	Syria
LOCATION	Cambridge
ORGANIZATION	BennettInst
PERSON	Lindsay Aqui
ORGANIZATION	Cambridge
PERSON	Dumbledore
ORGANIZATION	Manchester Sheffield
LOCATION	Strathclyde
PERSON	Marthalanefox
ORGANIZATION	Ceres Agritech Knowledge Exchange Partnership
LOCATION	Cambridge
ORGANIZATION	University s Head of the School of Arts amp amp Humanities
PERSON	Priya Gopal
ORGANIZATION	Daily Mail
LOCATION	Cambridge
PERSON	Lewis
ORGANIZATION	Meet Henry Disney
LOCATION	Cambridge
ORGANIZATION	Forbes
LOCATION	Cambridge
LOCATION	UK
PERSON	James Devine Stoneman John Clark Levin Rosie McKeown
PERSON	Matt Hazell
LOCATION	UK
PERSON	Peter Hennessy
ORGANIZATION	Cambridg RT
ORGANIZATION	BBC Radio
LOCATION	US China
LOCATION	UK
ORGANIZATION	Brexit RT
LOCATION	Wren Library
ORGANIZATION	Trinity Hall
PERSON	Lisanne Meulendijks
PERSON	Justin Yerbury
PERSON	Stephen Hawking
LOCATION	Cambridge
PERSON	Caius
PERSON	Stephen Hawking
LOCATION	EU UK
ORGANIZATION	EU
LOCATION	Twickenham Stadium
LOCATION	Nanjing
ORGANIZATION	Cambridge
LOCATION	Whale Hall
LOCATION	Mammal Gallery
PERSON	Stephen Hawking
ORGANIZATION	CaiusCollege
ORGANIZATION	GkglydhFfj RT
ORGANIZATION	ChurchillCol Dining Hall
ORGANIZATION	Cambridge Men s Boat Race Cambridge Bragging
ORGANIZATION	Cambridge Watch
LOCATION	Cambridge
LOCATION	Cambridge
ORGANIZATION	Oxford
PERSON	StephenKissler
PERSON	Julia Gog
LOCATION	Salisbury
PERSON	Putin
LOCATION	Cambridge
PERSON	Frank Stajano
LOCATION	UK
LOCATION	Iceland
LOCATION	UK
PERSON	Stephen Toope
LOCATION	UK
PERSON	Stephen Toope
LOCATION	UK
LOCATION	Cambridge
LOCATION	Silicon Valley
LOCATION	Greenland
LOCATION	Greenland
PERSON	Stephen Hawking
PERSON	Stephen
ORGANIZATION	EvZIKOcNcv RT NASA
PERSON	Stephen
PERSON	Stephen
PERSON	Stephen Hawking
PERSON	Martin Rees
PERSON	Stephen
PERSON	Stephen
LOCATION	Cambridge
LOCATION	Cambridge
LOCATION	Cambridge
PERSON	John Sulston
PERSON	Isaac Newton
PERSON	Edmond Halley
PERSON	Newton
PERSON	Dame Athene Donald
ORGANIZATION	Churchill College ChurchillCol
PERSON	Dame AtheneDonald
PERSON	Melissa Wilson
LOCATION	Italy Germany
LOCATION	Europe
PERSON	Chris Clark
LOCATION	Italy Germany
LOCATION	Europe
PERSON	Merkel
ORGANIZATION	University of Cambridge
PERSON	Zadie Smith
PERSON	Rosalind Franklin
ORGANIZATION	GenderDiversity Read
LOCATION	China
LOCATION	Brazil
PERSON	Pablo Salas
PERSON	Michel Goedert
ORGANIZATION	EarthSciCam Fol RT
PERSON	Clare Grey
LOCATION	Cambridge
ORGANIZATION	CRUKCambridge Early Detection Programme
LOCATION	Cambridge
PERSON	Ahmed Balboula
LOCATION	Cambridge
ORGANIZATION	Humanities amp amp Social Change Foundation
ORGANIZATION	GreatStMarys Cambridge Have
ORGANIZATION	Customs Union
PERSON	Corbyn
PERSON	Luca Peruzzotti Jametti
LOCATION	Cambridge
LOCATION	India
ORGANIZATION	RT
PERSON	Jeremy Corbyn
ORGANIZATION	Cambridge Digital Library
ORGANIZATION	University
PERSON	Patrick Dickinson
PERSON	Scott
LOCATION	Cambridge Royce
PERSON	Stephen Toope
LOCATION	Silicon Valley
LOCATION	Cambridge
PERSON	Charles Darwin
PERSON	Thomas Krieg
PERSON	Jan
LOCATION	Antarctica
PERSON	Ada Lovelace
ORGANIZATION	UN
LOCATION	Cambridge
LOCATION	Cambridge
PERSON	Jan Brighting
ORGANIZATION	Cambridge
PERSON	Simon Schaffer
ORGANIZATION	NikkiHari
PERSON	Aoife Hogan
PERSON	NikkiHari
PERSON	Mee
PERSON	Shaun Fitzgerald
PERSON	Tori McKee
ORGANIZATION	9KwKtaiuom University of Cambridge
ORGANIZATION	Real Living Wage
ORGANIZATION	InclDesignTools
ORGANIZATION	Unilever
LOCATION	UK
PERSON	Elizabeth Marking
PERSON	Millicent Fawcett
LOCATION	Newnham
PERSON	Jack Owens
ORGANIZATION	Cambridge University
PERSON	Graham Virgo
LOCATION	Cambridge
PERSON	Owen Chadwick
ORGANIZATION	Westminster Abbey
ORGANIZATION	MML
ORGANIZATION	HomertonCollege
PERSON	Ben Hetherington
PERSON	Ed
PERSON	Holly
ORGANIZATION	University
LOCATION	Wolfson
PERSON	Selwyn
LOCATION	Cambridge
PERSON	Caius
LOCATION	UK
LOCATION	Europe
ORGANIZATION	LGBT History Month Hughes Hall
ORGANIZATION	CamVetSchool Veterinary Medicine
PERSON	David
PERSON	Helen
PERSON	Philip Hammond
PERSON	Ji
PERSON	Shery Huang
ORGANIZATION	University
ORGANIZATION	Lords Constitution Committee
ORGANIZATION	EU Withdrawal Bill Here
PERSON	Merlin
PERSON	Giulio Regeni
LOCATION	Cambridge
PERSON	Jan Don
PERSON	Mark Thomson
PERSON	Mark Thomson Cambridge_Uni
PERSON	Jo Cox
PERSON	David Runciman
LOCATION	UK
ORGANIZATION	University of Cambridge
LOCATION	Cambridge
ORGANIZATION	University of Cambridge
PERSON	Giulio Regeni
ORGANIZATION	Verity Bradford
PERSON	Duncan Maskell
LOCATION	Cambridge
ORGANIZATION	Astronomer Royal Martin Rees
PERSON	Phil
PERSON	Lewis
ORGANIZATION	Institute of Astronomy
PERSON	Craig Mackay
PERSON	StephenHawking
PERSON	Caius
LOCATION	Americas
ORGANIZATION	Oxford
ORGANIZATION	Oxford amp amp Cambridge Student Conferences
LOCATION	Glasgow Swansea Birmingham Merseys
ORGANIZATION	NvX2zIWjFE RT
ORGANIZATION	Rising Stars Public Engageme RT
LOCATION	UK
LOCATION	Cambridge
PERSON	Margaret Thatcher
PERSON	Vikings
PERSON	Frank Meffert
PERSON	Steve Whitford
PERSON	Doug Waldron
PERSON	Tom Cruise
ORGANIZATION	mJ1H315Uda RT
ORGANIZATION	Cambridge
ORGANIZATION	BBC
PERSON	Steve Whitford
LOCATION	Cambridge
ORGANIZATION	Public Domain Review
PERSON	Gage Skidmore
ORGANIZATION	Starbucks
LOCATION	Cambridge
PERSON	Barack Obaa
PERSON	Stephen
PERSON	Jimmy
ORGANIZATION	Meet Cat Somerville
PERSON	Niamh Buckingham
PERSON	Maria
LOCATION	UK
PERSON	Kate Gross
LOCATION	UK
ORGANIZATION	National Short Story RT
ORGANIZATION	Facebook
PERSON	David Runciman
ORGANIZATION	LRB
PERSON	Stephen Toope
LOCATION	Cambridge
LOCATION	Cambridge
PERSON	Sam Lucy
LOCATION	Cambridge
LOCATION	West Africa
ORGANIZATION	Cambridge_Uni Womens
ORGANIZATION	Cavendish Laboratory
LOCATION	UK
LOCATION	UK
LOCATION	Pembroke
ORGANIZATION	Bec
PERSON	Jonny
PERSON	Owen Weller
PERSON	Isaac Newton
ORGANIZATION	Newnham
ORGANIZATION	Caius
PERSON	Sarah Houghton Walker
PERSON	Isaac Newton
ORGANIZATION	Meet Florence Nabwire
ORGANIZATION	Centre for Digital Built Britain
PERSON	Kiran
PERSON	Ben Slingo
PERSON	Girton
PERSON	Abigail Jenny
PERSON	Matt
PERSON	Don
PERSON	Dame Jocelyn Bell Burnell
ORGANIZATION	first radio pulsar Co RT
LOCATION	Cambridge
PERSON	Jocelyn Bell Burnell
PERSON	Sam Lucy
PERSON	Chris
ORGANIZATION	Caius
PERSON	Hannah the Cambridge_Uni
PERSON	Owen Weller
LOCATION	Baffin Island
LOCATION	Mount Vesuvius
PERSON	Darwin
ORGANIZATION	MCR
LOCATION	Cambridge
ORGANIZATION	CUBG
PERSON	Richard Samworth
PERSON	Diane Reay CambridgeEdFac
PERSON	James Riley
PERSON	Rachael Padman
ORGANIZATION	Barbara Burford Gay Times
ORGANIZATION	Trinity Hall
ORGANIZATION	Front Court
PERSON	Jena
ORGANIZATION	Huawei
ORGANIZATION	RT
ORGANIZATION	Cambridge
PERSON	Kayla
PERSON	Zoubin Ghahramani
ORGANIZATION	Facebook
LOCATION	Cambridge
ORGANIZATION	Cambridge
PERSON	Ben
PERSON	Robert Mair
PERSON	Raghu Rau
PERSON	Jason Scott Warren
PERSON	Robert Mair
PERSON	Barack Obaa
PERSON	Paul Johnson
ORGANIZATION	Cambridge RT
LOCATION	UK
ORGANIZATION	University
PERSON	Rachel Demery
PERSON	Eleanor
LOCATION	England
LOCATION	Italy
PERSON	Eleanor
LOCATION	England
LOCATION	Italy
PERSON	YouGov
PERSON	Potter
LOCATION	Caius
LOCATION	Cambridge
PERSON	Yesim
LOCATION	Cambridge
PERSON	Dan Tucker
PERSON	Jan Brighting
PERSON	Evie Aspinall
PERSON	Evie Aspinall
PERSON	Stephen Toope
LOCATION	Rwanda
LOCATION	Cambridge
ORGANIZATION	CCS
LOCATION	West Antarctic
ORGANIZATION	CUSUWO
LOCATION	Cambridge
PERSON	Alycia
LOCATION	Antarctic
PERSON	Sarah
PERSON	Norah Al Ani CambRapeCrisis
ORGANIZATION	Gp26bNW8Tv University of Cambridge
ORGANIZATION	University of Cambridge
PERSON	Lola Olufemi CUSUWO
PERSON	Lola Olufemi
PERSON	Rogier Kievit
PERSON	Graham Virgo
LOCATION	Cambridge
PERSON	Lucy Cavendish
PERSON	Elvis Presley
ORGANIZATION	JrZ3mWG1tQ RT HomertonCollege Homerton College
PERSON	Dame Barbara Stocking
PERSON	Nicola Padfield
PERSON	Lola Olufemi
PERSON	Eil
ORGANIZATION	Cambridge Rape Crisis Centre
LOCATION	UK
ORGANIZATION	EU
ORGANIZATION	Brexit RT
ORGANIZATION	OGA RT
PERSON	AlanFersht
PERSON	Jenny York
ORGANIZATION	9Kx4zFyRTL RT GirtonCollege News Swirles Court Girton College
LOCATION	Cambridge
LOCATION	Himalaya
LOCATION	Cambridge
PERSON	Himansha
PERSON	Shefali Mehta
LOCATION	Cambridge
PERSON	GravitationalWaves
ORGANIZATION	LIGO
LOCATION	UK
LOCATION	Wren Library
PERSON	Isaac Newton
ORGANIZATION	BBC
ORGANIZATION	NSG7bEie7q RT
PERSON	Brendan Simms
ORGANIZATION	Meet Ed Turner
LOCATION	UK
ORGANIZATION	UCAS
PERSON	Lise Meitner
PERSON	Rosalind Franklin
PERSON	Tim Minshall
ORGANIZATION	Institute for Manufacturing
PERSON	Thatcher
PERSON	Ada Lovelace
ORGANIZATION	Babbage
ORGANIZATION	Cambridge
LOCATION	Greenland
PERSON	Leszek Borysiewicz
ORGANIZATION	Sidney Sussex Boat Club
LOCATION	UK
ORGANIZATION	Brexit AtheneDonald
LOCATION	Caribbean
LOCATION	UK
PERSON	Frank Kelly
PERSON	Fumiya Iida
PERSON	John Richer Cambridge_Uni
LOCATION	Earth
PERSON	Kavita Ramakrishnan
LOCATION	India
ORGANIZATION	IvLHDFwcl RT
PERSON	Richard Henderson
LOCATION	India
PERSON	Michael Fuller
ORGANIZATION	LMB
PERSON	Richard Henderson
ORGANIZATION	A3fVd9OGjc Cambridge
ORGANIZATION	U44U RT
ORGANIZATION	CDC
ORGANIZATION	Cambridge_Uni Cambridge University Students Union
LOCATION	Cambridge
PERSON	Stephen Toope
PERSON	Leszek Borysiewicz
ORGANIZATION	Cambridge
PERSON	Stephen Toope
PERSON	Lara
ORGANIZATION	Google
PERSON	Leszek Borysiewicz
PERSON	Amanda Dennis
ORGANIZATION	Apple
ORGANIZATION	BME
ORGANIZATION	Illuminating Cambridge Libraries
LOCATION	Lake Windermere
ORGANIZATION	BBC Radio
ORGANIZATION	University of Warsaw UW
PERSON	Sarah Burton
PERSON	John
PERSON	Allan McRobie
PERSON	Edward Thomas
ORGANIZATION	BBC
PERSON	Ryan Williams
LOCATION	Cambridge
ORGANIZATION	NHS
PERSON	Hannah
PERSON	Zareen
ORGANIZATION	BBC
ORGANIZATION	BBC
LOCATION	UK
LOCATION	Cambridge
ORGANIZATION	BritishBakeOff Fancy
LOCATION	Cambridge
PERSON	Rebecca
LOCATION	US
LOCATION	Burkina Faso
LOCATION	Yemen
ORGANIZATION	Cambridge
PERSON	Melissa Wilson
PERSON	Holly Hill
PERSON	Leszek Borysiewicz
ORGANIZATION	Cambridge
PERSON	John Cockroft
PERSON	Ian Paterson
LOCATION	Cambridge
LOCATION	Cambridge
LOCATION	UK
LOCATION	US
LOCATION	Cambridge
ORGANIZATION	UK Dementia Research Institute CBCdementia
LOCATION	Germany
LOCATION	Bavaria And is East
LOCATION	Eddington
PERSON	Selwyn
ORGANIZATION	Parliament Square
LOCATION	Cambridge
LOCATION	Eddington
PERSON	Ryan McDonald
PERSON	Tutor ChurchillCol
LOCATION	Cambridge
PERSON	Gwilym
ORGANIZATION	NHS
ORGANIZATION	LPOhENCURZ Research Fellowships
LOCATION	Brussels
ORGANIZATION	University of Ghana Thank you Makerere RT
ORGANIZATION	Cambridge
LOCATION	UK
ORGANIZATION	Cambridge NERCscience
LOCATION	Charlotte
ORGANIZATION	Grand RT
ORGANIZATION	Manea Colony Archaeology of Utopia
PERSON	Tim Minshall Camtechpole
LOCATION	Cambridge
ORGANIZATION	Hogwarts
LOCATION	Cambridge
ORGANIZATION	EU Withdrawal Bill
ORGANIZATION	RT ChristsLibrary College
PERSON	John
PERSON	Lynn
LOCATION	London
LOCATION	Cambridge
PERSON	Werner Herzog
PERSON	Stephen Toope
ORGANIZATION	Munk School
PERSON	Selwyn
LOCATION	NewnhamRoll Garden
ORGANIZATION	DWbcTNdrrc RT IoACOA The old Cambridge Observatory
ORGANIZATION	University
ORGANIZATION	Fitzwilliam Museum RT
PERSON	Hugh Casson
ORGANIZATION	DowningArchives Can RT
ORGANIZATION	MXLUhNNhzh RT
PERSON	Trump
ORGANIZATION	Toshiba Foundation
ORGANIZATION	Kings College Congratulations
PERSON	SamStranks
PERSON	Richard Prager
PERSON	Julian Allwood
ORGANIZATION	Academy
LOCATION	China
PERSON	NorthKorea
PERSON	Eugenia Cheng
ORGANIZATION	Open Cambridge
LOCATION	Cambridge
ORGANIZATION	University Library
PERSON	Darshana Joshi
LOCATION	India
LOCATION	India
PERSON	Jochen Menges
LOCATION	India
PERSON	Helen
PERSON	David
PERSON	Brexit Trump
PERSON	Corbyn
PERSON	Merkel Macron
LOCATION	China
ORGANIZATION	Cambridge
LOCATION	India
LOCATION	UK
ORGANIZATION	Cambridge
LOCATION	UK
PERSON	Ian Hodge
LOCATION	India
LOCATION	Pakistan
ORGANIZATION	College and Library
LOCATION	India
ORGANIZATION	Cambridge
LOCATION	Cambridge American Cemetery
LOCATION	Britain
PERSON	Joe Smallman
ORGANIZATION	University of Cambrid Here
ORGANIZATION	Cambridge University
PERSON	Zach Harper
PERSON	Edie Turner
LOCATION	Calais
PERSON	Robert Tombs
PERSON	John Keiger
PERSON	James Gard
PERSON	Jamil Jami
PERSON	Kevin Baker
PERSON	Saloni Atal
LOCATION	India
ORGANIZATION	GirtonCollege News Glimpses of Girton Puddings
PERSON	Saloni Atal
LOCATION	India
ORGANIZATION	N37Crswb6L RT
LOCATION	China
LOCATION	Burma
LOCATION	Dunkirk
PERSON	Elvis
LOCATION	Australia National Park
ORGANIZATION	Dagenham
LOCATION	Cambridge
PERSON	Will Barnes
ORGANIZATION	Computer Science UTColle RT
PERSON	Phoebe Pickering
LOCATION	Brighton
PERSON	Isabella
ORGANIZATION	Cam RT
PERSON	David
LOCATION	Cambridge
PERSON	Thomas Holmes
PERSON	Gandhi Nehru
LOCATION	India
PERSON	Daniel Braund
PERSON	Miske
ORGANIZATION	Human Social amp amp Political Sciences
PERSON	Izzy
PERSON	Juliette Wrixon
ORGANIZATION	Ffion Price
ORGANIZATION	Cef RT
PERSON	Maia Davies
LOCATION	Cambridge
ORGANIZATION	Cambridge_U RT StJohnRigby Congratulations Olivia
ORGANIZATION	GirtonCollege
PERSON	Matthew
PERSON	Luke
PERSON	Millie
ORGANIZATION	R RT LucyCavColl Congrats
PERSON	Rosemary
PERSON	Zareen
ORGANIZATION	Human Social amp amp Political Sciences RT
PERSON	Ramon
ORGANIZATION	BryntegSchool
PERSON	Emily Williams Brogan Thomas
PERSON	Max Brennan
PERSON	LucyCavColl Rebecka
LOCATION	Karijini National Park
ORGANIZATION	AAA Pia
PERSON	Milly
ORGANIZATION	Digital Marketing Assistant
PERSON	Katie
ORGANIZATION	DHC
PERSON	Ella
PERSON	Katie Ramsay
PERSON	Anna
PERSON	Elizabeth
PERSON	Pretesh Patel
ORGANIZATION	Cambridge_Uni RT SHSKSchool Congratulations
PERSON	Emma
PERSON	Nisa Hasan
PERSON	FitzwilliamColl
PERSON	Karim
PERSON	Omar
PERSON	RoyalHolloway
ORGANIZATION	ALevelResultsDay RT
ORGANIZATION	Cambridge Imperial nd Bristol amp amp Dentistry
LOCATION	Birmingham
LOCATION	Harrogate
PERSON	Greggs
PERSON	Rebecca
ORGANIZATION	Kings College Cambridge
PERSON	Rebecca
PERSON	David
LOCATION	Cambridge
PERSON	Emma
PERSON	Sophie
LOCATION	India
PERSON	Ella
PERSON	Zadie Smith
ORGANIZATION	CaiusCollege College
PERSON	Tammy Chen
LOCATION	Burkina Faso
PERSON	Silvia Markek
ORGANIZATION	MML
PERSON	Isabelle Picard
LOCATION	India
PERSON	David Attenborough
LOCATION	Everest
LOCATION	India
PERSON	Clare Balding
PERSON	Hugh Laurie
ORGANIZATION	Facebook
ORGANIZATION	Instagram
PERSON	Rhiannon
PERSON	Alumna Konnie Huq
LOCATION	Cambridge India
LOCATION	Cambridge
PERSON	Holly Gabrielle
LOCATION	India
PERSON	Naomi Harris
LOCATION	Cambridge
LOCATION	India
LOCATION	Bangladesh
PERSON	AnnaVignoles
LOCATION	Cambridge
PERSON	Rhiannon Smith
ORGANIZATION	Newnham_College Boat Club
LOCATION	India
PERSON	Peter St George Hyslop
LOCATION	Cambridge
LOCATION	Scotland
PERSON	Sarah Sheard
LOCATION	Roman Britain
LOCATION	Earth
LOCATION	Cambridge
PERSON	ZernickaGoetz
LOCATION	Cambridge
ORGANIZATION	College
PERSON	Patrick Bateson
LOCATION	India
PERSON	Holly
PERSON	GoingToCambridge
PERSON	Francis Bacon
ORGANIZATION	G RT Newnham_College Early Newnham
LOCATION	Rome
LOCATION	Cambridge
LOCATION	Haryana
LOCATION	India
ORGANIZATION	Sutton Trust Summer Schools
ORGANIZATION	UK Supreme Court
LOCATION	Cambridge
ORGANIZATION	OaOcQAifji RT
PERSON	Sophie Wilson
LOCATION	Britain
ORGANIZATION	Cambridge
LOCATION	Iceland
ORGANIZATION	U843hmwT7c RT UKinBoston From Cambridge MA
LOCATION	Cambridge UK
PERSON	Rosalind Franklin
LOCATION	Africa
LOCATION	UK
ORGANIZATION	Cambridge Society
ORGANIZATION	National Postdoc Meeting
PERSON	Andrew Balmford
LOCATION	Cambridge
PERSON	Rebecca Moore
PERSON	Vruti Patel
LOCATION	Cambridge
ORGANIZATION	British Academy
PERSON	Baroness Hale
PERSON	James Moultrie
PERSON	Joon Chang
PERSON	Byrd Tavener
ORGANIZATION	Adele
ORGANIZATION	Google Doodle Marshall McLuhan
LOCATION	Cambridge
ORGANIZATION	CSK Happy
PERSON	Joon Chang
PERSON	David Runciman
ORGANIZATION	University Library
LOCATION	Cambridge
PERSON	Jane Austen
ORGANIZATION	Open Cambridge
LOCATION	Guernsey
LOCATION	Zambia
LOCATION	Cambridge Michelle
ORGANIZATION	YPN RT
LOCATION	Cambridge
LOCATION	Cambridge
PERSON	James Moultrie
ORGANIZATION	Selwyn College Cambridge University
PERSON	Greco Roman
LOCATION	India
PERSON	Jane Austen
PERSON	Jane
PERSON	Tom Raworth
LOCATION	Cambridge
PERSON	Rebecca
ORGANIZATION	TBI
PERSON	Jane Austen
PERSON	UniWarszawski
LOCATION	UK
LOCATION	Yorkshire
ORGANIZATION	European Central Bank
PERSON	Dominic
PERSON	John
LOCATION	Earth
LOCATION	UK
ORGANIZATION	Euratom
LOCATION	Eddington
PERSON	Crichard
ORGANIZATION	IEA
LOCATION	US
PERSON	ShuaihuaCheng
PERSON	Ed
PERSON	Holly Hill
PERSON	Melissa Wilson
LOCATION	Cambridge
PERSON	Nick Bampos
ORGANIZATION	Trinity College
ORGANIZATION	TrinCollCam
ORGANIZATION	School Considering Cambridge Alumnus Diego
LOCATION	England
PERSON	Zafar Ansari
ORGANIZATION	JesusCollege
ORGANIZATION	Sidgwic RT
LOCATION	Homerton
PERSON	Moreno Figueroa
ORGANIZATION	Trinity
PERSON	Richard Friend DeptofPhysics
ORGANIZATION	Cambridge
LOCATION	Cambridge
PERSON	Magdalene
PERSON	John Pendry
LOCATION	Cambridge
PERSON	Gabby
LOCATION	Northstowe Visit
PERSON	Stephen Hawking
PERSON	Marina Velickovic
LOCATION	Yugoslavia
LOCATION	Canada
ORGANIZATION	University of Cambridge
PERSON	Stephen Hawking
LOCATION	Cambridge
PERSON	Stephen Hawking
PERSON	Stephen
LOCATION	Cambridge
PERSON	Stephen Hawking
PERSON	Martin Rees
LOCATION	Earth
PERSON	Martin Rees Hawking75 Gabriela Gonzalez
PERSON	Gabriela Gonzalez
ORGANIZATION	LIGO
PERSON	Brian Cox
PERSON	Richard Feynman
LOCATION	Earth
PERSON	Brian Cox
PERSON	Stephen
PERSON	Leszek Borysiewicz
ORGANIZATION	ChurchillCol
ORGANIZATION	Senate House
ORGANIZATION	Newnham College DameCarolBlack
ORGANIZATION	VoW9atJbSo Cambridge Graduates Learn
LOCATION	Cambridge
ORGANIZATION	Stone RT
PERSON	Daniel Edwards
ORGANIZATION	CAM
PERSON	Emma
LOCATION	Cambridge
ORGANIZATION	University Thanks Newnham_Co RT
PERSON	Trump
LOCATION	Middle East
LOCATION	Cambridge
ORGANIZATION	Co RT
ORGANIZATION	Senate House
ORGANIZATION	University Church
PERSON	ZiauddinY
ORGANIZATION	Time of My Life
ORGANIZATION	Library Treasures
LOCATION	India
PERSON	Porter
ORGANIZATION	Senate House
PERSON	Praelector
ORGANIZATION	King s College
PERSON	Alex
ORGANIZATION	Facebook Live to the University of Cambridge Museums
PERSON	Don
LOCATION	Cambridge
PERSON	Leszek Borysiewicz
ORGANIZATION	FreeSpeech UMich RT Newnham_College Teachers Newnham
LOCATION	Cambridge
PERSON	Gabriel Byng
ORGANIZATION	Disney
LOCATION	Cambridge
LOCATION	London
ORGANIZATION	NikkiHari Doctoral Scholar amp amp Social Tech Entrepreneur ChurchillCol
ORGANIZATION	Facebook
LOCATION	Cambridge Join
PERSON	Hannah
LOCATION	EU
PERSON	Sophie Wilson
ORGANIZATION	Acorn
PERSON	Martin Ruehl
ORGANIZATION	Cambridge University
ORGANIZATION	TASS
LOCATION	Cambridge
LOCATION	Cambridge
LOCATION	Cambridge
ORGANIZATION	Cavendish Laboratory
LOCATION	Cambridge
PERSON	Fenner
ORGANIZATION	Pembroke
ORGANIZATION	CCAS
PERSON	Stidham
LOCATION	Cambridge
PERSON	Corbyn
LOCATION	Britain
PERSON	James Clerk Maxwell
PERSON	Simon Schaffer
PERSON	Maxwell
ORGANIZATION	Research Horizons
LOCATION	Norway
PERSON	Emma Thompson
ORGANIZATION	DeptofPhysics
ORGANIZATION	ORNL
LOCATION	Iceland
LOCATION	Cambridge
PERSON	Kayla Barron
ORGANIZATION	NASA
ORGANIZATION	AMg64gy9AA Caribbean
LOCATION	Cambridge
PERSON	Jerelle
ORGANIZATION	LittleFinnger Nice
LOCATION	Africa
PERSON	Ramsay
LOCATION	Normandy
LOCATION	Kings Parade Cambridge
LOCATION	Kings Parade Cambridge
LOCATION	Cambridge
LOCATION	Cambridge
LOCATION	St Mike
PERSON	Mary
LOCATION	Market Square
ORGANIZATION	CambridgeBRAINfest
LOCATION	Britain
LOCATION	Cambridge
ORGANIZATION	K7en9kn7CP RT cambridgeunion Senator Bernie Sanders Cambridge Union
ORGANIZATION	Unilever
ORGANIZATION	CISL
PERSON	Joanne
LOCATION	Britain
LOCATION	Kabul
LOCATION	Kolkata
LOCATION	Fitzwilliam Museum
LOCATION	Old Hall
PERSON	Joon Chang
ORGANIZATION	LIGO
ORGANIZATION	Senate House
ORGANIZATION	PmuDNXGWRR RT
PERSON	Corbyn
ORGANIZATION	Facebook Live
ORGANIZATION	Senate House
LOCATION	Cambridge
ORGANIZATION	BBC TV
LOCATION	Cambridge
PERSON	James Williams
LOCATION	EU
LOCATION	Cambridge
PERSON	Steve Evans
ORGANIZATION	QJUDuWUtzd RT
PERSON	Stephen Hawking CherylHoad
ORGANIZATION	Amazon
ORGANIZATION	Education Development amp amp Learning
ORGANIZATION	LEGO Prof of Play Team PEDAL
ORGANIZATION	Education Development amp amp Learning
ORGANIZATION	Amazon
PERSON	Paul Judge
LOCATION	Cambridge
LOCATION	Guildhall
ORGANIZATION	Manchester
LOCATION	UK
LOCATION	EU
ORGANIZATION	YouTube RT
ORGANIZATION	LERU
ORGANIZATION	EU
PERSON	Caius
LOCATION	Cambridge
PERSON	Ayaan Hirsi Ali
LOCATION	England
PERSON	Joon Chang
LOCATION	White House Listen
LOCATION	EU Singapore
PERSON	Boabdil
LOCATION	Spain
ORGANIZATION	FitzMuseum_UK amp amp Hamilton Kerr Institute
ORGANIZATION	University of Cambridge
ORGANIZATION	Facebook
PERSON	Sara Kazmi
LOCATION	Pakistan
ORGANIZATION	NEW5amgo8P RT
LOCATION	Cambridge
PERSON	Gianfranco Rosi
LOCATION	Himalayas
PERSON	Bhaskar Vira
ORGANIZATION	V56gU6gCpt RT
ORGANIZATION	Cambridge
ORGANIZATION	UKIP
ORGANIZATION	Labour
PERSON	Gianfranco Rosi
LOCATION	France
ORGANIZATION	MentalHealthAwarenessWeek RT
PERSON	Selwyn
LOCATION	Guernsey
PERSON	Helen Thompson
PERSON	Letitia
LOCATION	London
ORGANIZATION	Academy of Medical Sciences Congratulations
ORGANIZATION	Cambridge Corn Exchange
PERSON	Le Pen
LOCATION	Cambridge
PERSON	Lear
LOCATION	India
LOCATION	India
ORGANIZATION	University
ORGANIZATION	4g5b7LatVn Research
ORGANIZATION	University
ORGANIZATION	University
ORGANIZATION	NkySJbcvhy RT
PERSON	Audrey
PERSON	Peter
ORGANIZATION	Cambridge University African Caribbean Society
PERSON	Christopher Markou
LOCATION	Cambridge
PERSON	Amaury Triaud
LOCATION	USA
PERSON	Eric
ORGANIZATION	Environment Economy Innovation
PERSON	Napoleon
PERSON	Andrew Preston
PERSON	Trump
PERSON	Trump
PERSON	FDR
ORGANIZATION	RT UCamEnterprise Cambridge Enterprise
PERSON	Sasha
LOCATION	Cambridge
PERSON	Hagar Ben Ziom
PERSON	Capella
PERSON	Leszek Borysiewicz
LOCATION	Cambridge
PERSON	MaxLiboiron
LOCATION	Virginia Woolf
ORGANIZATION	Feminist History Network
ORGANIZATION	University
LOCATION	Cambridge
LOCATION	Cavendish Lab
PERSON	Francis Crick
PERSON	Macron
ORGANIZATION	Facebook
PERSON	David De Cremer
PERSON	David
PERSON	Helen
ORGANIZATION	Facebook
PERSON	Steve Evans
LOCATION	Brazil
ORGANIZATION	EU
PERSON	Corina Logan
PERSON	Fillon
PERSON	Erdogan
LOCATION	Turkey
ORGANIZATION	MongooseProject Please RT Post
PERSON	Rufus Johnstone
ORGANIZATION	Pembroke College
ORGANIZATION	Cambridge University
LOCATION	Newnham
ORGANIZATION	Royal Institute of Philosophy
PERSON	Minaam Abbas
LOCATION	Pakistan
PERSON	Josh Plotnik
LOCATION	Cambridge
ORGANIZATION	WomensHealth RT
PERSON	MattMoudi
LOCATION	Cambridge Katyschoice
PERSON	BalliolOxford UniversityChallenge
LOCATION	Cambridge
PERSON	Taylor Swift
PERSON	Eddie Redmayne
PERSON	Corinthians SharifAdepetu Nope SharifAdepetu
PERSON	GiantKiwi
PERSON	Jeremy Paxman
PERSON	Arthur
LOCATION	Japan
ORGANIZATION	LadytronFashion Time
LOCATION	Wales
PERSON	Ptolemy
LOCATION	Britain
ORGANIZATION	DSZhXUUGli Cambridge
ORGANIZATION	Caterpillar
ORGANIZATION	BBCWorld
PERSON	Martin
PERSON	Bryony
LOCATION	Britain
LOCATION	Africa
LOCATION	Cambridge
LOCATION	Cambridge
LOCATION	UK
PERSON	Sarah
PERSON	Martin Rees
PERSON	Brexit
PERSON	Graeme Barker
PERSON	DarcusHowe RenegadesRobin
LOCATION	UK
ORGANIZATION	WeAreCambridge RT
ORGANIZATION	Congratulations Cambridge
LOCATION	UK
ORGANIZATION	Isis
ORGANIZATION	Cambridge vs Oxford
PERSON	Ben Tufnell
PERSON	Robin Middleton
LOCATION	UK
PERSON	Ashton Brown
ORGANIZATION	GreatRepealBill White Paper
LOCATION	Molecular Lab Training Workshop 2017 Africa
LOCATION	Selwyn
LOCATION	Cambridge
LOCATION	Cambridge
PERSON	Tonic
LOCATION	Cambridge
PERSON	Caroline James
LOCATION	Fostercare
PERSON	Milton
ORGANIZATION	St John
LOCATION	Northern Hemisphere
ORGANIZATION	N7oB4S4k2C RT
PERSON	Chris Clark
LOCATION	Germany
PERSON	Modi
ORGANIZATION	Cambridge
PERSON	Michael
LOCATION	Cambridge
PERSON	Magdalene
LOCATION	Merseysi Infections
LOCATION	Cambridge
ORGANIZATION	ko79HX1EzJ Archaeology RT
ORGANIZATION	Homerton
PERSON	Ed Broadhead
ORGANIZATION	McKinsey Venture Academy
LOCATION	Merseyside
LOCATION	Merseyside
LOCATION	Merseyside
LOCATION	England
PERSON	Stuart Hogarth
LOCATION	Northumberland Telescope
LOCATION	Hawaii
ORGANIZATION	njfj9LHcxA RT
PERSON	Georg
LOCATION	Falmouth
ORGANIZATION	Plant Life Sciences
ORGANIZATION	RT BeCambridge Learn
LOCATION	Bistro Cotta
PERSON	Simon Goldhill
PERSON	Chris Jiggins
ORGANIZATION	Huddersfield
PERSON	Jean Pierre Bourguignon
ORGANIZATION	ERC
LOCATION	Syria
ORGANIZATION	Google
ORGANIZATION	NHS
PERSON	Jean Pierre Bourguignon
ORGANIZATION	McDonald Institute
PERSON	Debora Sijacki
PERSON	Christos Lynteris
ORGANIZATION	TBT
PERSON	Phil
PERSON	Ruth Cameron
ORGANIZATION	Skype
PERSON	Andrew Smyth
PERSON	Molly Hunt
PERSON	Nicholas Thomas
LOCATION	Cambridge
PERSON	Chae
PERSON	Onora O Neill
PERSON	Anna Dawson
PERSON	Ottoline Leyser
PERSON	Clive Oppenheimer
PERSON	David Baulcombe
PERSON	Marta Miraz
PERSON	Lahr
ORGANIZATION	ERC
LOCATION	Cambridge
PERSON	Great Repeal Bill
LOCATION	Congo
LOCATION	India
ORGANIZATION	MAACambridge
LOCATION	India
PERSON	Adivasi
LOCATION	Northern Ireland The Netherlands
LOCATION	France
LOCATION	India
PERSON	Magdalene
PERSON	Georgie
PERSON	Eleanor Roosevelt
ORGANIZATION	T8euShkSWo Cambridge Museums RT
ORGANIZATION	LucyCavColl
LOCATION	Cambridge
LOCATION	Cambridge
PERSON	Wolfram Schultz
ORGANIZATION	Wikipedia
LOCATION	Africa
ORGANIZATION	WolfsonCam Wolfson College
PERSON	Jane Clarke
LOCATION	UK
LOCATION	EU
PERSON	Daniella
PERSON	Carolin Crawford
LOCATION	Kuiper Belt
PERSON	Alan Short
ORGANIZATION	University
ORGANIZATION	JAef8jO6fV RT
ORGANIZATION	Cambridge
PERSON	David
PERSON	David
PERSON	Rhygyfarch
LOCATION	Libya
ORGANIZATION	Stuart Milk
ORGANIZATION	McCrum Theatre
PERSON	Clare
PERSON	Clarence
PERSON	JesusCollegeCam Christopher Markou
LOCATION	Gambia
ORGANIZATION	CamAfrica RT
PERSON	Katherin Kent
PERSON	Ruly
ORGANIZATION	Cam India
LOCATION	Mohali
LOCATION	India CamIndia Punjab
LOCATION	Punjab
LOCATION	Mohali
ORGANIZATION	Punjab Agricultural University Ludhian
ORGANIZATION	HomertonCollege BeCambr Disco Tony
PERSON	Copeland
ORGANIZATION	LRB
ORGANIZATION	IMF
PERSON	Carol Ibe
LOCATION	India
LOCATION	SIXdbxLpEl Delhi
ORGANIZATION	Cam Dear India Yours Cambridge
LOCATION	YoursCambridge Delhi India
LOCATION	Cambridge
ORGANIZATION	Dear India Yours Cambridge
LOCATION	Delhi
LOCATION	UK
LOCATION	Brexit
LOCATION	Cambridge
LOCATION	India
LOCATION	India
ORGANIZATION	Sutton Trust Summer School
LOCATION	Africa
ORGANIZATION	CamAfrica
PERSON	Richard Causton
ORGANIZATION	Chop Research
LOCATION	Africa
PERSON	Laurence Moscrop
PERSON	Tim Crane
ORGANIZATION	Kings College Chapel
ORGANIZATION	jmSQweeZsL RT HomertonCollege Whatever the Cambridge
LOCATION	Cambridge
ORGANIZATION	Seeing Cambridge
LOCATION	Luminate Cambridge Festival
PERSON	Kathryn
LOCATION	Uganda
ORGANIZATION	PostTruth
LOCATION	Cambridge
LOCATION	France
PERSON	Trump
LOCATION	Africa
ORGANIZATION	CamAfrica
ORGANIZATION	ChurchillCol
PERSON	Don
LOCATION	UK
LOCATION	Cambridge
LOCATION	Cambridge
LOCATION	UK
ORGANIZATION	Cambridge_Uni Sign Language Society
PERSON	Ann Cotton
ORGANIZATION	St John
ORGANIZATION	BBC
PERSON	Eleanor Salter
LOCATION	Greece
PERSON	Charles Darwin
LOCATION	Cambridge
PERSON	Eugenia Piddini
ORGANIZATION	UNESCO
ORGANIZATION	UNESCO
ORGANIZATION	UNESCO
ORGANIZATION	Pembroke College
LOCATION	Tanzania
ORGANIZATION	WRPmelV1cI RT
PERSON	ClareCollege
ORGANIZATION	USA
ORGANIZATION	Rugby Warwickshire
PERSON	LucyCavColl
LOCATION	India
LOCATION	Cambridge
PERSON	Nina
LOCATION	Sheffield Town Hall
ORGANIZATION	Academia Outreach Ac RT
LOCATION	Brexit
ORGANIZATION	Research
ORGANIZATION	CamAfrica
ORGANIZATION	LERU
PERSON	Kira
PERSON	Michael Tompsett
PERSON	Elizabeth Prize
PERSON	Gloria
PERSON	Claudio
LOCATION	River Court
ORGANIZATION	eLuminate Cambridge Student Arqum Amar
LOCATION	Cambridge
ORGANIZATION	Cambridge Impronauts
ORGANIZATION	Cambridge RT
ORGANIZATION	Amanda Farnsworth Head of Visual amp amp Data Journalism BBCNews
ORGANIZATION	fa RT
LOCATION	Britain
ORGANIZATION	Trump
PERSON	Eric
LOCATION	Africa
PERSON	Wallace
PERSON	Ida Svenonius
PERSON	Audrey Richards
ORGANIZATION	Social Anthropology
ORGANIZATION	TBT
LOCATION	East Asia
ORGANIZATION	Cambrid RT
LOCATION	Washington
PERSON	SidneySussex Sidney
ORGANIZATION	St Angela
ORGANIZATION	Ursuline School
PERSON	Fitz Samad
LOCATION	Cambridge
LOCATION	Cambridge
ORGANIZATION	JKfuOCcPNL RT
LOCATION	Cambridge
ORGANIZATION	LGBT History Month
LOCATION	Cambridge
PERSON	Caius
ORGANIZATION	LGBTHM
LOCATION	Cambridge
LOCATION	Queens
ORGANIZATION	RT WolfsonCam Today Wolfson College
PERSON	Selwyn
ORGANIZATION	CSER
PERSON	Isobel
LOCATION	Cambridge
LOCATION	US
LOCATION	Cambridge
PERSON	Leszek Borysiewicz Bookings
LOCATION	UK
PERSON	William Whewell
PERSON	Tam Dalyell
PERSON	Kira
ORGANIZATION	ANYchOYjeK RT
PERSON	Jill Lepore
PERSON	Trump
PERSON	Patrick
LOCATION	Cambridge
LOCATION	Cambridge
ORGANIZATION	UK Supreme Court
PERSON	Miller
PERSON	Alice
PERSON	Ben RT colinmasson Trimble
LOCATION	Cambridge
PERSON	William Pitt
PERSON	GiulioRegeni GirtonCollege
PERSON	Darwin
ORGANIZATION	Parliament
ORGANIZATION	Brexit ProfKAArmstrong on Supreme Court
PERSON	ProfMarkElliott Miller
LOCATION	UK
ORGANIZATION	University of Cambridge
PERSON	Trump
LOCATION	UK
ORGANIZATION	Brace Brace h RT
ORGANIZATION	Cambridge
ORGANIZATION	nBwvf9ThSC RT LucyCavColl Lucy
ORGANIZATION	Foundation for Polish Science
LOCATION	Gillis Lab Cambridge_Uni
ORGANIZATION	Roma
ORGANIZATION	Chemical Engineering
LOCATION	Cambridge
PERSON	Martin Luther
ORGANIZATION	Cambridge
ORGANIZATION	University of Cambridge
LOCATION	Cambridge
ORGANIZATION	Homerton
PERSON	Tom
PERSON	Brexit
LOCATION	Brexit
LOCATION	Brexit
ORGANIZATION	WHO
LOCATION	Brexit
PERSON	Paul Warren
ORGANIZATION	IDw66a4EaL Phonetics Ling RT HomertonCollege Congratulations to Charlotte Facherty
ORGANIZATION	Homerton
LOCATION	Charlotte
PERSON	David
ORGANIZATION	Labour
LOCATION	Cambridge Check
LOCATION	Cambridge
LOCATION	Caius
ORGANIZATION	IMF
LOCATION	West Africa
LOCATION	Cambridge
LOCATION	Cambridge
LOCATION	Wisbech
LOCATION	EU UK
PERSON	Crohn
PERSON	Sophie
ORGANIZATION	UniCamCareers
PERSON	Tom Hiddleston Olivia Colman
PERSON	Hugh Laurie
LOCATION	UK
ORGANIZATION	Happy 75th Birthday Stephen Hawking Cambridge
LOCATION	UK
LOCATION	Brexit
ORGANIZATION	BaroEKnXTg RT
PERSON	Trump
PERSON	Robert Hinde
PERSON	GrahamVirgo
ORGANIZATION	Cambridge
ORGANIZATION	NZK6PAk0YY RT DarwinLectures Darwin College
LOCATION	Cambridge
ORGANIZATION	LOT
PERSON	Peter Pan
PERSON	Anthony
ORGANIZATION	University
LOCATION	Peterborough
ORGANIZATION	Cambridge
PERSON	Einstein
LOCATION	Cambridge
PERSON	ElvisPresley
LOCATION	USA
PERSON	Eske Willerslev
PERSON	Pepys
PERSON	William Penn
ORGANIZATION	Cambridge
ORGANIZATION	BBC
LOCATION	Cambridge
ORGANIZATION	EC
ORGANIZATION	H1flSiCHko RT
ORGANIZATION	Cambridge
LOCATION	Cambridge
PERSON	Trump
PERSON	Trump
LOCATION	Cambridge
PERSON	Steve Watts
PERSON	Sadiya
LOCATION	Cambridge
LOCATION	Australia
LOCATION	Cambridge
LOCATION	Cambridge
LOCATION	EU
ORGANIZATION	GWR
PERSON	Richard Partington Cambridgeinterview
LOCATION	United Kingdom
ORGANIZATION	Cambridge University
ORGANIZATION	Varsity Match
LOCATION	Cambridge
LOCATION	UK
LOCATION	Cambridge
LOCATION	Brexit
ORGANIZATION	Universities Cambridge
LOCATION	Cambridg Cambridge
LOCATION	Cambridge
PERSON	DanielZeichner
LOCATION	Italy
ORGANIZATION	EU
PERSON	Renzi
ORGANIZATION	Cambridgeint RT
PERSON	Stuart Eves
ORGANIZATION	Cambridge RT
PERSON	Burt
ORGANIZATION	Cambridgeinter RT
PERSON	Valerie Gibson
PERSON	Stuart Davis
ORGANIZATION	GirtonCollege ca RT
PERSON	ClareCollege
ORGANIZATION	King
ORGANIZATION	Trinity
PERSON	Victoria Harvey
LOCATION	Cambridgeinterview
PERSON	Sarah Houghton Walker Caius
PERSON	Robert Macfarlane
PERSON	Sam Lucy
PERSON	Emily Tomlinson
ORGANIZATION	DameCarolBlack My Independent Review
PERSON	MirandaHGriffin
ORGANIZATION	Languages Ca RT
PERSON	Amy Goymour
PERSON	Antony Gormley
PERSON	Isaac Newton
PERSON	Simon Szreter
ORGANIZATION	AKTUJfeFqp RT
ORGANIZATION	Supreme Court
ORGANIZATION	CorpusCambridge
PERSON	Alice Middleton
LOCATION	Africa
LOCATION	Santa Claus
PERSON	Sigrid Fisher
ORGANIZATION	LGBTHM
PERSON	Trump
LOCATION	Middletown USA
LOCATION	London UK
PERSON	Becky Inkster
ORGANIZATION	Cambridge
ORGANIZATION	Cambridge VC
LOCATION	Wales
ORGANIZATION	TRH
LOCATION	Cambridge
ORGANIZATION	Cambridge Uni In DeclarationsPod
ORGANIZATION	Bb1MBKgYBS RT
ORGANIZATION	Cambridge
PERSON	Jocelyn Bell Burnell
PERSON	Antony Hewish
ORGANIZATION	Cambridge
PERSON	Will Bouth
PERSON	Trump
PERSON	David Runciman
LOCATION	Brexit
LOCATION	Cambridge
ORGANIZATION	UniCamPublicEng Final Cambridge Shorts
LOCATION	India
ORGANIZATION	Cambridge Archaeology
ORGANIZATION	EU Referendum How the University
ORGANIZATION	Brexit University of Cambridge
PERSON	Laura Briggs
LOCATION	Cambridge
PERSON	Trump
PERSON	Judith Butler
PERSON	Richard Gilbertson
PERSON	Judith Butler
PERSON	Trump
PERSON	Auden
PERSON	Winston Churchill
ORGANIZATION	Cambridge
LOCATION	England
LOCATION	Wales
PERSON	Caius
PERSON	Patrick Taylor
ORGANIZATION	BBC
LOCATION	Amazon
LOCATION	Cambridge
LOCATION	Cambridge
PERSON	Stephen Hawking
PERSON	CCIMathInfo BigData
ORGANIZATION	HorizonGenomics
ORGANIZATION	Facebook Live
LOCATION	Vietnam
LOCATION	Winton Centre
ORGANIZATION	Cambridge
LOCATION	US
PERSON	Trump
ORGANIZATION	Trump
PERSON	Preston Election2016
LOCATION	Chicago
PERSON	Gary Gerstle
LOCATION	US
PERSON	Miller
ORGANIZATION	DvivHJPkaQ Today s High Court
ORGANIZATION	Brexit RT
ORGANIZATION	CRUKresearch Cambridge Institute
PERSON	Charlie Hebdo
ORGANIZATION	BBC
ORGANIZATION	New Cambridge
PERSON	Charles Darwin
LOCATION	England
ORGANIZATION	DuncanAstle Please RT
ORGANIZATION	Nov Hap RT
PERSON	David Runciman
ORGANIZATION	Cambridge
PERSON	Bez
ORGANIZATION	IntoUniversity
PERSON	Negar Miralaei
LOCATION	Cambridge
PERSON	Jacob Brubert
LOCATION	US
ORGANIZATION	Economist Covering the Presidential Election
PERSON	H J Chang
PERSON	Kamal Munir
PERSON	Rosie
PERSON	Simon Keenlyside
ORGANIZATION	Dept of Zoology
LOCATION	Hammersmith
LOCATION	Cambridge
LOCATION	Africa
LOCATION	Africa
LOCATION	Africa
ORGANIZATION	Cambridge Africa Programme
PERSON	Elvis Presley
LOCATION	Cambridge
PERSON	Olivier
LOCATION	Britain
LOCATION	France
PERSON	Alex
PERSON	Jacob
LOCATION	Cambridge
PERSON	Jonny
LOCATION	Nepal
PERSON	Stephen
PERSON	Amy Jeffs Get
PERSON	Graham Virgo
LOCATION	Brexit
PERSON	Josie
PERSON	Henry Warne
PERSON	Markus
PERSON	Saran
PERSON	Einstein
PERSON	Gerda Bachrati
LOCATION	UK
PERSON	Brexit
PERSON	Robert
PERSON	Jukedeck
LOCATION	Brexit
PERSON	Ulli
LOCATION	Outback
PERSON	Robert Wardrop
PERSON	CambridgeAltFin
ORGANIZATION	DigitalSociety RT
PERSON	Sidney Blumenthal Trump
PERSON	Brexit
ORGANIZATION	EU
LOCATION	Hawaii
LOCATION	Cambridge
PERSON	Jennifer
PERSON	Val Gibson
ORGANIZATION	Parliament
PERSON	David Davis
PERSON	Desislava Hristova
ORGANIZATION	AtheneDonald
ORGANIZATION	WorldMentalHealthDay RT
PERSON	Alison Young
ORGANIZATION	WorldMentalHealthDay RT GilesYeo Cambridge Med Vet
ORGANIZATION	WorldMentalHealthDay RT
PERSON	Oliver Hart
LOCATION	UK
PERSON	Alex Jeffrey
LOCATION	UK
ORGANIZATION	H2ZQkWb7mR RT
PERSON	Theresa May
LOCATION	Brexit
PERSON	Don
ORGANIZATION	CCA
PERSON	David Runciman
PERSON	Tom
ORGANIZATION	Solexa
LOCATION	UK
ORGANIZATION	Caius Co
PERSON	Michael Kosterlitz
LOCATION	Ca Cambridge
ORGANIZATION	CURUFCW RT
PERSON	Yoshinori Ohsumi
PERSON	David Rubinsztein
PERSON	Yoshinori Ohsumi
LOCATION	Cambridge
PERSON	SamStranks ThomasDBennett Brice Olivier Demory
PERSON	Miguel Fernandes Paulos
ORGANIZATION	Research Fellowships RT
PERSON	Donald
ORGANIZATION	CSER
ORGANIZATION	Facebook amazon IBMResearch Partnership
ORGANIZATION	EllYENGZmm RT
ORGANIZATION	THEWAS
PERSON	Jonathan King
LOCATION	Native North America
ORGANIZATION	Cambridge
PERSON	Stephen Toope
ORGANIZATION	University of Cambridge
PERSON	ZernickaGoetz
LOCATION	Britain
PERSON	Judith Butler
PERSON	CambridgeGender
ORGANIZATION	Churchill College Looking
LOCATION	Africa
LOCATION	Swindon
ORGANIZATION	WnicXbwvIC RT
LOCATION	Cambridge
LOCATION	Cambridge
ORGANIZATION	Biomedical Campus
LOCATION	Cambridge
PERSON	Hatice Gunes
PERSON	Ashwini Vaidialingam
PERSON	Maria Nikolajeva
LOCATION	Cambridge
LOCATION	Cambridge
LOCATION	Cambridge
ORGANIZATION	EDSAC
LOCATION	Cambridge
PERSON	Christine Holt
LOCATION	Cambridge England
PERSON	Selwyn
PERSON	Sam GoingtoCambridge TrinCollCam
ORGANIZATION	Microsoft
PERSON	Karen Yu
LOCATION	Newnham
LOCATION	Earth
ORGANIZATION	Wodh5ue4d7 RT BeCambridge Cambridge Graduate
PERSON	Jacob Moxham
LOCATION	Cambridge
PERSON	Rachel
LOCATION	Aberfan Wales
LOCATION	Jordan
LOCATION	Stoke GoingtoCambridge
PERSON	Peston
PERSON	Shara GoingtoCambridge
PERSON	Zahra
LOCATION	Ashton
ORGANIZATION	Lyne Greater Manchester Congratulations Hannah
ORGANIZATION	Burnley
PERSON	Rachel
LOCATION	Cheshire GoingtoCambridge
PERSON	Alex
PERSON	Crawley
PERSON	Joseph
LOCATION	EastHam
PERSON	Keir
ORGANIZATION	Wigan
PERSON	Danny GoingtoCambridge
PERSON	Dawud GoingtoCambridge
PERSON	Hollie
PERSON	Kim
PERSON	Vincent
PERSON	Cameron
PERSON	Owen
LOCATION	Dagenham
PERSON	Anastasyia Nachas
LOCATION	Cambridge
LOCATION	Cambridge
PERSON	Tom Ransley
PERSON	Selwyn
LOCATION	Fiji
LOCATION	Cambridge
LOCATION	America
ORGANIZATION	Cambridge
LOCATION	Europe
LOCATION	UK
LOCATION	Rio
PERSON	Emma Pooley George Nash Tom Ransley
PERSON	Mark Aldred
LOCATION	London
LOCATION	Cambridge
PERSON	Ros Ridley
LOCATION	Britain
LOCATION	Pompeii
PERSON	Scott
PERSON	Zoe
PERSON	Darwin
ORGANIZATION	St John
ORGANIZATION	AMA
PERSON	Nick Wareham JennaPanter
LOCATION	Las Meninas
PERSON	Nick Wareham
PERSON	Disco Tony
LOCATION	Cambridge
LOCATION	India
PERSON	Pablo Monsivais
PERSON	Rallison
PERSON	James Biddulph
ORGANIZATION	RT SCICambridge Watch Cambridge
PERSON	Dryden
LOCATION	Jupiter
LOCATION	Earth
ORGANIZATION	Pokemon
PERSON	Peter
LOCATION	London
ORGANIZATION	Cambridge University Library
PERSON	David Runciman
PERSON	Glen Rangwala
LOCATION	Chilcot
LOCATION	Somerset
PERSON	Eid Mubarak
PERSON	Helena Eccles
ORGANIZATION	John Harvard Happy
PERSON	Carolyn Collins
PERSON	Joseph Needham
LOCATION	Wartime China
PERSON	Corbyn
ORGANIZATION	Siegfried Sassoon
ORGANIZATION	RT BeCambridge Lots of Cambridge Colleges
LOCATION	England
LOCATION	Sidgwick
LOCATION	EU
PERSON	David Runciman
ORGANIZATION	LRB
ORGANIZATION	92imwJEJ53 RT UniCamPublicEng Cambridge
ORGANIZATION	Soapbox RT
ORGANIZATION	Trigger UK Constitutional Law Association Brexit
PERSON	Brexit
LOCATION	UK
LOCATION	Scotland
LOCATION	Cambridge
ORGANIZATION	Brexit Legally amp
LOCATION	Cambridge
PERSON	Magdalene
ORGANIZATION	Senate House
ORGANIZATION	University of Cambridge
ORGANIZATION	University
PERSON	Ettie Unwin
PERSON	Zika
LOCATION	Latin America
LOCATION	Britain
LOCATION	Europe
ORGANIZATION	EU
ORGANIZATION	NHS
PERSON	Nick Davies
LOCATION	Cambridge
ORGANIZATION	MRC
PERSON	Chris Smith
PERSON	Jo Cox
PERSON	Jo Cox
PERSON	Jo Cox
LOCATION	UK
LOCATION	EU
PERSON	Keith Peters Jony Ive
PERSON	Nicholas Hytner
ORGANIZATION	Cambridge
PERSON	Alice
LOCATION	Wonderland
PERSON	Darwin
PERSON	Louise Riley Smith
ORGANIZATION	University
PERSON	James Clerk Maxwell
ORGANIZATION	EU Brexit Debate Recap
ORGANIZATION	InorOutHughesDebate
LOCATION	EU
PERSON	Milton Keynes
LOCATION	UK
ORGANIZATION	Dundee
ORGANIZATION	NFZnV5J4BD RT
PERSON	John Spencer
LOCATION	UK
LOCATION	UK
LOCATION	Egypt
LOCATION	Mesopotamia
ORGANIZATION	IMF
PERSON	Venki Ramakrishnan
ORGANIZATION	GM
PERSON	Sara Saeed
LOCATION	Wales
PERSON	Douglas Adams
ORGANIZATION	EU Referendum Don
LOCATION	Britain
PERSON	Elvis
LOCATION	USA
LOCATION	UK
ORGANIZATION	IMF
PERSON	Julian Allwood
LOCATION	UK
LOCATION	Newnham
PERSON	Angela Breitenbach CambridgePhilos
ORGANIZATION	Eminem
PERSON	DameCarolBlack
ORGANIZATION	Ochanomizu Uni
LOCATION	Sierra Leone
PERSON	Markus Kuhn
ORGANIZATION	JSSjZwCTpj RT Martina
ORGANIZATION	Cambridge
LOCATION	Venice
LOCATION	Earth
ORGANIZATION	JDF
PERSON	Gilly Carr
ORGANIZATION	BBC News
PERSON	Julian Hargreaves
LOCATION	California
ORGANIZATION	Cambridge Postdoc Enterprise
LOCATION	USA
LOCATION	UK
ORGANIZATION	EU
ORGANIZATION	University
LOCATION	Britain
PERSON	Scott
ORGANIZATION	Cambridge University Library
ORGANIZATION	Doncaster
ORGANIZATION	Pink Fairy Armadillo
PERSON	Sue Kroeger
ORGANIZATION	MML
PERSON	Joanna Hogg
PERSON	Paul Cartledge CamHistory
ORGANIZATION	Sussex
LOCATION	Cambridge
PERSON	David MacKay
LOCATION	EU
PERSON	Elvis
LOCATION	UK
LOCATION	Cambridge
PERSON	Gilly Carr
ORGANIZATION	Nazis
LOCATION	UK
ORGANIZATION	YCI4GtMQiB RT
LOCATION	Chapel Cambridge
PERSON	David MacKay
LOCATION	UK
LOCATION	Cambridge
LOCATION	UK
LOCATION	Electionpodcast
PERSON	Paul Cartledge
LOCATION	US
ORGANIZATION	EU
PERSON	David MacKay
PERSON	Mark Warner
ORGANIZATION	CUSIDiMFeh RT
PERSON	Evgeny Afineevsky
PERSON	Eminem
ORGANIZATION	Campaign for Collegiate Cambridge
LOCATION	Singapore
PERSON	Samuel Palmer
LOCATION	Africa
PERSON	Lucy Cavendish
LOCATION	Cambridge
LOCATION	London
ORGANIZATION	BBC
ORGANIZATION	Cavendish Quantum Matter
PERSON	David Attenborough
LOCATION	Cambridge
ORGANIZATION	EarthSciences Engineering Chemistry Plant Sciences
ORGANIZATION	University of Cambridge
PERSON	Dame Zaha Hadid
ORGANIZATION	FBI
ORGANIZATION	Apple
ORGANIZATION	OLB3A7uCLn RT
LOCATION	Cambridge
PERSON	Martin Rees
LOCATION	Scotland
LOCATION	LoganCorina
ORGANIZATION	LFGF7mWkEj RT
LOCATION	Cambridge
LOCATION	UK
LOCATION	Cambridge
LOCATION	Cambridge
PERSON	Mark de Rond
PERSON	Shakespeare
LOCATION	East Africa
PERSON	Don
ORGANIZATION	King s College
PERSON	Tamsin Bell
PERSON	Xu Zhimo WorldPoetryDay
ORGANIZATION	qH9NtAGKSE RT
ORGANIZATION	Cambridge
PERSON	Nick Davies
ORGANIZATION	JEnOMIJGmz Farming
ORGANIZATION	Cambridge
ORGANIZATION	IoA
LOCATION	UK
PERSON	Isi Moss
LOCATION	St James Park
ORGANIZATION	Newcastle
ORGANIZATION	OxCambSC CambStudy From Pulp
ORGANIZATION	Cambridge
ORGANIZATION	University
PERSON	Demis Hassabis
LOCATION	Cambridge
PERSON	Partha Dasgupta
LOCATION	Cambridge
PERSON	Pete Wothers
ORGANIZATION	Life Sciences Marquee
LOCATION	Cambridge
LOCATION	Electionpodcast
LOCATION	UK
PERSON	David Cameron
PERSON	Julian Hargreaves Centre
ORGANIZATION	Islamic Studies Cambridge
LOCATION	Madingley Hall
PERSON	Stephen Hawking
PERSON	Newton
LOCATION	Principia Mathematica
ORGANIZATION	Lego
ORGANIZATION	University of Cambridge
PERSON	Cameron
ORGANIZATION	AtheneDonald
PERSON	Iguanodon ZoologyMuseum
ORGANIZATION	Oxford amp amp Cambridge Student Conferences
LOCATION	Cambridge
ORGANIZATION	Ejaxermuhb RT
ORGANIZATION	Cambridge University
PERSON	AmateyDoku
LOCATION	Cambridge
PERSON	Sam Chamberlain
ORGANIZATION	TrinCollCam
ORGANIZATION	Emmanuel College
LOCATION	Cambridge
PERSON	Lydia Drumright
PERSON	Caius
ORGANIZATION	Cambridge
ORGANIZATION	EU
LOCATION	UK
